{"cameraMode":{"drawMode":0,"name":"Shaded","section":"Shading Mode"},"sceneLighting":true,"audioPlay":false,"sceneViewState":{"showFog":true,"showMaterialUpdate":false,"showSkybox":true,"showFlares":true,"showImageEffects":true,"showParticleSystems":true},"in2DMode":false,"pivot":{"x":-0.6895325183868408,"y":-0.5991660356521606,"z":0.19453731179237367},"rotation":{"x":-0.24217873811721803,"y":0.6323229670524597,"z":-0.21786527335643769,"w":-0.7028881907463074},"size":4.537232875823975,"orthographic":false}