{"cameraMode":{"drawMode":0,"name":"Shaded","section":"Shading Mode"},"sceneLighting":true,"audioPlay":false,"sceneViewState":{"showFog":true,"showMaterialUpdate":false,"showSkybox":true,"showFlares":true,"showImageEffects":true,"showParticleSystems":true},"in2DMode":false,"pivot":{"x":-0.6769416928291321,"y":-0.6061242818832398,"z":6.519824981689453},"rotation":{"x":-0.08570172637701035,"y":0.012238731607794762,"z":-0.0010518520139157773,"w":-0.9962451457977295},"size":23.334524154663087,"orthographic":false}